Group,Character,Pleiochiton amorimii,Pleiochiton blepharodes,Pleiochiton crassifolium,Pleiochiton ebracteatum,Pleiochiton glaziovianum,Pleiochiton longipetiolatum,Pleiochiton magdalenense,Pleiochiton micranthum,Pleiochiton parasiticum,Pleiochiton parvifolium,Pleiochiton roseum,Pleiochiton setulosum
Leaves,texture,coriaceous,chartaceous/membranous,coriaceous,coriaceous,coriaceous/chartaceous,coriaceous/chartaceous,chartaceous,coriaceous,membranous,chartaceous,coriaceous,coriaceous
Leaves,size,isophyllous,isophyllous,isophyllous,isophyllous,isophyllous,isophyllous,isophyllous,isophyllous,anisophyllous,isophyllous,isophyllous,isophyllous
Inflorescences,indumentum,with glandular trichomes,with glandular trichomes,with glandular trichomes,with glandular trichomes,with glandular trichomes,without glandular trichomes,without glandular trichomes,with glandular trichomes,with glandular trichomes/without glandular trichomes,without glandular trichomes,with glandular trichomes,with glandular trichomes
Inflorescences,position,terminal/lateral,lateral,terminal,terminal/lateral,terminal/lateral,terminal/lateral,terminal,terminal/lateral,terminal/lateral,terminal/lateral,terminal/lateral,terminal/lateral
Bracteoles,position,not covering the hypanthium,not covering the hypanthium,covering the hypanthium,not covering the hypanthium,not covering the hypanthium,not covering the hypanthium,not covering the hypanthium,not covering the hypanthium,not covering the hypanthium,not covering the hypanthium,not covering the hypanthium,not covering the hypanthium
Bracteoles,shape,other,other,other,other,other,other,other,other,other,other,other,cordate
Anther,colour,cream,yellow,yellow,yellow,yellow,yellow,yellow,yellow,yellow,yellow,yellow,yellow
Anther,shape,curved,straight,curved,curved,curved,curved,curved,curved,straight,curved,curved,curved
Anther,pore,dorsal,ventral,dorsal,dorsal,dorsal,dorsal,dorsal,dorsal,ventral,dorsal,dorsal,dorsal
Calyx,external teeth,up to 1.5 times as long as the hypanthium,up to 1.5 times as long as the hypanthium,up to 1.5 times as long as the hypanthium,up to 1.5 times as long as the hypanthium,twice as long as the hypanthium,up to 1.5 times as long as the hypanthium,up to 1.5 times as long as the hypanthium,up to 1.5 times as long as the hypanthium,up to 1.5 times as long as the hypanthium,up to 1.5 times as long as the hypanthium,up to 1.5 times as long as the hypanthium,up to 1.5 times as long as the hypanthium
Seed,shape,,elongated,,ovoid,ovoid,,,ovoid,,ovoid,ovoid/elongated,ovoid/elongated
